loss,ppx,rouge1,rouge2,rougeL,epoch
8.805031790091178,6667.710256493519,0.20832108199300564,0.036636778289112694,0.20830118387138832,eval
8.805031790091178,6667.710256493519,0.20832108199300564,0.036636778289112694,0.20830118387138832,eval
