loss,ppx,rouge1,rouge2,rougeL,epoch
3.7461792466292065,42.358929402483845,0.2603699349988695,0.1709281044695179,0.26031251451713067,eval
